{"content":[],"settings":{"template":"default"},"metadata":[],"theme":{"name":"Hello Elementor","theme_uri":"https:\/\/elementor.com\/hello-theme\/?utm_source=wp-themes&utm_campaign=theme-uri&utm_medium=wp-dash","version":"3.4.4","slug":"hello-elementor"},"experiments":{"e_font_icon_svg":{"name":"e_font_icon_svg","title":"Inline Font Icons","state":"default","default":"inactive","release_status":"stable"},"additional_custom_breakpoints":{"name":"additional_custom_breakpoints","title":"Additional Custom Breakpoints","state":"default","default":"active","release_status":"stable"},"container":{"name":"container","title":"Container","state":"active","default":"inactive","release_status":"stable"},"e_optimized_markup":{"name":"e_optimized_markup","title":"Optimized Markup","state":"default","default":"inactive","release_status":"stable"},"theme_builder_v2":{"name":"theme_builder_v2","title":"Default to New Theme Builder","state":"default","default":"active","release_status":"stable"},"hello-theme-header-footer":{"name":"hello-theme-header-footer","title":"Header &amp; Footer","state":"default","default":"active","release_status":"stable"},"nested-elements":{"name":"nested-elements","title":"Nested Elements","state":"default","default":"active","release_status":"stable"},"pages_panel":{"name":"pages_panel","title":"Pages Panel","state":"default","default":"inactive","release_status":"alpha"},"e_element_cache":{"name":"e_element_cache","title":"Element Caching","state":"default","default":"active","release_status":"stable"},"home_screen":{"name":"home_screen","title":"Elementor Home Screen","state":"default","default":"active","release_status":"stable"},"editor_events":{"name":"editor_events","title":"Elementor Editor Events","state":"default","default":"inactive","release_status":"alpha"},"e_atomic_elements":{"name":"e_atomic_elements","title":"Atomic Widgets","state":"default","default":"inactive","release_status":"alpha"},"e_classes":{"name":"e_classes","title":"Global Classes","state":"default","default":"inactive","release_status":"alpha"},"global_classes_should_enforce_capabilities":{"name":"global_classes_should_enforce_capabilities","title":"Enforce global classes capabilities","state":"default","default":"active","release_status":"dev"},"e_variables":{"name":"e_variables","title":"Variables","state":"default","default":"active","release_status":"alpha"},"cloud-library":{"name":"cloud-library","title":"Cloud Library","state":"default","default":"active","release_status":"beta"},"e_opt_in_v4_page":{"name":"e_opt_in_v4_page","title":"Editor v4 (Opt In Page)","state":"default","default":"active","release_status":"alpha"},"e_opt_in_v4":{"name":"e_opt_in_v4","title":"Editor V4","state":"default","default":"inactive","release_status":"alpha"},"import-export-customization":{"name":"import-export-customization","title":"Import\/Export Customization","state":"default","default":"inactive","release_status":"alpha"},"page-transitions":{"name":"page-transitions","title":"Page Transitions","state":"default","default":"active","release_status":"beta"},"form-submissions":{"name":"form-submissions","title":"Form Submissions","state":"default","default":"active","release_status":"stable"},"e_scroll_snap":{"name":"e_scroll_snap","title":"Scroll Snap","state":"default","default":"active","release_status":"stable"}}}