{"content":[{"id":"16174b01","settings":{"flex_direction":"row","flex_gap":{"unit":"px","size":0,"column":"0","row":"0"},"content_width":"full","width_tablet":{"unit":"vw","size":100,"sizes":[]},"width_mobile":{"unit":"%","size":100,"sizes":[]},"boxed_width":{"unit":"vw","size":100,"sizes":[]},"boxed_width_tablet":{"unit":"vw","size":"","sizes":[]},"boxed_width_mobile":{"unit":"vw","size":"","sizes":[]},"flex_direction_mobile":"row","flex_justify_content_tablet":"center","flex_justify_content_mobile":"space-evenly","flex_align_items_tablet":"center","flex_align_items_mobile":"center","background_background":"gradient","background_color":"#FFEAEA","background_color_b":"#A094FF17","background_gradient_angle":{"unit":"deg","size":81,"sizes":[]},"margin":{"unit":"px","top":"0","right":"0","bottom":"0","left":"0","isLinked":true},"margin_mobile":{"unit":"px","top":"0","right":"0","bottom":"0","left":"-1","isLinked":false},"padding":{"unit":"px","top":"10","right":"100","bottom":"10","left":"100","isLinked":false},"padding_tablet":{"unit":"px","top":"10","right":"0","bottom":"10","left":"0","isLinked":false},"padding_mobile":{"unit":"px","top":"10","right":"19","bottom":"10","left":"11","isLinked":false},"_flex_order_mobile":"start","_title":"Header Logo"},"elements":[{"id":"6f7a3cb6","settings":{"flex_direction":"column","content_width":"full","width":{"unit":"%","size":20},"width_tablet":{"unit":"%","size":80},"width_mobile":{"unit":"%","size":80,"sizes":[]},"boxed_width_mobile":{"unit":"%","size":20,"sizes":[]},"flex_direction_mobile":"row","flex_justify_content":"center","flex_justify_content_tablet":"space-between","flex_justify_content_mobile":"flex-start","flex_align_items":"center","flex_align_items_tablet":"flex-start","flex_align_items_mobile":"center","flex_gap_mobile":{"column":"0","row":"0","isLinked":true,"unit":"px","size":0},"margin_tablet":{"unit":"px","top":"0","right":"0","bottom":"0","left":"47","isLinked":false},"margin_mobile":{"unit":"px","top":"0","right":"0","bottom":"0","left":"0","isLinked":true},"_flex_align_self_mobile":"center","_flex_order_mobile":"start","_flex_size":"none","_title":"Logo","_element_width_tablet":"initial"},"elements":[{"id":"8e56e7e","settings":{"image":{"url":"http:\/\/localhost\/sitify\/wp-content\/uploads\/2025\/08\/Advisium.svg","id":116,"size":"","alt":"","source":"library"},"image_size":"thumbnail","width_mobile":{"unit":"%","size":100,"sizes":[]},"_margin_mobile":{"unit":"px","top":"0","right":"2","bottom":"0","left":"8","isLinked":false},"_padding_mobile":{"unit":"px","top":"0","right":"0","bottom":"0","left":"0","isLinked":true},"_flex_align_self_mobile":"flex-start","_flex_order_mobile":"start"},"elements":[],"isInner":false,"widgetType":"image","elType":"widget"}],"isInner":true,"elType":"container"},{"id":"6b40c2cb","settings":{"flex_direction":"column","content_width":"full","width":{"unit":"%","size":80},"width_tablet":{"unit":"%","size":20,"sizes":[]},"width_mobile":{"unit":"%","size":20,"sizes":[]},"boxed_width_mobile":{"unit":"px","size":500,"sizes":[]},"flex_direction_tablet":"column","flex_direction_mobile":"column","flex_justify_content_tablet":"flex-end","flex_justify_content_mobile":"center","flex_align_items":"flex-end","flex_align_items_tablet":"flex-end","flex_align_items_mobile":"center","flex_gap_mobile":{"column":"0","row":"0","isLinked":true,"unit":"px","size":0},"margin_tablet":{"unit":"px","top":"0","right":"0","bottom":"0","left":"17","isLinked":false},"margin_mobile":{"unit":"px","top":"0","right":"0","bottom":"0","left":"0","isLinked":false},"_flex_align_self_tablet":"flex-end","_flex_align_self_mobile":"center","_flex_order_tablet":"end","_flex_order_mobile":"end","_title":"Menus"},"elements":[{"id":"9c04b82","settings":{"sg_menu_direction":"","sg_menu_sub_position":"","sg_menu_extra_sub_position":"","_margin":{"unit":"px","top":"0","right":"140","bottom":"0","left":"0","isLinked":false},"_margin_mobile":{"unit":"px","top":"0","right":"0","bottom":"0","left":"0","isLinked":false},"_padding_tablet":{"unit":"px","top":"0","right":"0","bottom":"0","left":"0","isLinked":false},"_padding_mobile":{"unit":"px","top":"0","right":"0","bottom":"0","left":"9","isLinked":false},"_flex_align_self_mobile":"stretch","sg_menu_choose":"main-menus"},"elements":[],"isInner":false,"widgetType":"jkit_nav_menu","elType":"widget"}],"isInner":true,"elType":"container"}],"isInner":false,"elType":"container"},{"id":"186b4950","settings":{"flex_direction":"row","flex_gap":{"unit":"px","size":0,"column":"0","row":"0"},"boxed_width":{"unit":"vw","size":100,"sizes":[]},"boxed_width_tablet":{"unit":"vw","size":"","sizes":[]},"boxed_width_mobile":{"unit":"vw","size":100,"sizes":[]},"min_height":{"unit":"vh","size":90,"sizes":[]},"min_height_tablet":{"unit":"vh","size":"","sizes":[]},"min_height_mobile":{"unit":"vh","size":"","sizes":[]},"background_background":"gradient","background_color":"#FFC0F7BD","background_color_b":"#FF9CF817","background_gradient_angle":{"unit":"deg","size":148,"sizes":[]},"padding":{"unit":"px","top":"0","right":"60","bottom":"0","left":"60","isLinked":false},"padding_tablet":{"unit":"px","top":"0","right":"0","bottom":"0","left":"0","isLinked":true},"_title":"Hero Area"},"elements":[{"id":"2552e08a","settings":{"flex_direction":"column","content_width":"full","width":{"unit":"%","size":"50"},"width_mobile":{"unit":"%","size":100,"sizes":[]},"flex_justify_content":"center","flex_align_items":"center","padding":{"unit":"px","top":"0","right":"30","bottom":"0","left":"30","isLinked":false},"_title":"left container"},"elements":[{"id":"691be134","settings":{"content_width":"full","min_height":{"unit":"px","size":0,"sizes":[]},"flex_gap":{"column":"0","row":"0","isLinked":true,"unit":"px","size":0},"margin":{"unit":"px","top":"0","right":"0","bottom":"0","left":"0","isLinked":true},"padding":{"unit":"px","top":"0","right":"0","bottom":"0","left":"0","isLinked":true},"_title":"insie left container"},"elements":[{"id":"22fecc82","settings":{"sg_title_before":"Best Car Repairing ","sg_title_focused":"Services","sg_title_text":"Trending Stories And Another Stories","sg_subtitle_heading":"Lorem ipsum dolor set amet","sg_shadow_content":"news","sg_separator_enable":"","st_title_typography_content_typography_typography":"custom","st_title_typography_content_typography_font_family":"Poppins","st_title_typography_content_typography_font_size":{"unit":"px","size":70,"sizes":[]},"st_title_typography_content_typography_font_size_tablet":{"unit":"px","size":39,"sizes":[]},"st_title_typography_content_typography_line_height_tablet":{"unit":"em","size":1.1999999999999999555910790149937383830547332763671875,"sizes":[]},"st_title_margin_responsive":{"unit":"px","top":"0","right":"0","bottom":"0","left":"0","isLinked":true},"st_title_padding_responsive":{"unit":"px","top":"0","right":"0","bottom":"0","left":"0","isLinked":true},"st_title_border_radius_responsive":{"unit":"px","top":"0","right":"0","bottom":"0","left":"0","isLinked":false},"_margin":{"unit":"px","top":"0","right":"0","bottom":"0","left":"0","isLinked":true},"_padding":{"unit":"px","top":"0","right":"0","bottom":"0","left":"0","isLinked":true}},"elements":[],"isInner":false,"widgetType":"jkit_heading","elType":"widget"},{"id":"28d3dd28","settings":{"editor":"<p>There are many variations of passages of Lorem Ipsum available, but the majority have suffered<\/p>","align":"left","typography_typography":"custom","typography_font_family":"Poppins","typography_font_size":{"unit":"px","size":19,"sizes":[]},"typography_font_size_tablet":{"unit":"px","size":14,"sizes":[]},"typography_font_weight":"400","text_color":"#4E4E4E","_padding":{"unit":"px","top":"9","right":"0","bottom":"9","left":"0","isLinked":false}},"elements":[],"isInner":false,"widgetType":"text-editor","elType":"widget"},{"id":"63c8cc6b","settings":{"sg_content_label":"Learn More","st_content_alignment_responsive":"left","st_button_typography_content_typography_typography":"custom","st_button_typography_content_typography_font_size":{"unit":"px","size":18,"sizes":[]},"st_button_typography_content_typography_font_size_tablet":{"unit":"px","size":16,"sizes":[]},"st_button_typography_content_typography_font_weight":"700","st_button_normal_color_responsive":"#FFFFFF","st_button_normal_background_background_background":"classic","st_button_normal_background_background_color":"#FF0000","st_border_normal_border_radius_responsive":{"unit":"px","top":"26","right":"26","bottom":"26","left":"26","isLinked":true}},"elements":[],"isInner":false,"widgetType":"jkit_button","elType":"widget"}],"isInner":true,"elType":"container"}],"isInner":true,"elType":"container"},{"id":"6f65c9f7","settings":{"flex_direction":"column","content_width":"full","width":{"unit":"%","size":48.3010000000000019326762412674725055694580078125},"width_mobile":{"unit":"%","size":100,"sizes":[]},"flex_justify_content":"center","flex_align_items":"center","css_classes":"right-hero-container","_title":"right container","_flex_size":"none","_element_width":"initial"},"elements":[{"id":"24f5335f","settings":{"image":{"url":"http:\/\/localhost\/sitify\/wp-content\/uploads\/2025\/08\/Frame-1.png","id":63,"size":"","alt":"","source":"library"},"_css_classes":"hero-image"},"elements":[],"isInner":false,"widgetType":"image","elType":"widget"},{"id":"61a2de8d","settings":{"image":{"url":"http:\/\/localhost\/sitify\/wp-content\/uploads\/2025\/08\/Group-1.svg","id":101,"size":"","alt":"","source":"library"},"width":{"unit":"%","size":100,"sizes":[]},"space":{"unit":"%","size":100,"sizes":[]},"height":{"unit":"px","size":86,"sizes":[]},"height_tablet":{"unit":"px","size":52,"sizes":[]},"_position":"absolute","_offset_x":{"size":189,"unit":"px"},"_offset_x_tablet":{"size":77,"unit":"px"},"_offset_y":{"size":192,"unit":"px"},"_offset_y_tablet":{"size":248.1100000000000136424205265939235687255859375,"unit":"px"},"_css_classes":"hero-bounce-elements"},"elements":[],"isInner":false,"widgetType":"image","elType":"widget"},{"id":"47314a92","settings":{"image":{"url":"http:\/\/localhost\/sitify\/wp-content\/uploads\/2025\/08\/Group-59.svg","id":96,"size":"","alt":"","source":"library"},"width":{"unit":"%","size":56,"sizes":[]},"width_tablet":{"unit":"%","size":38,"sizes":[]},"_margin":{"unit":"px","top":"0","right":"0","bottom":"0","left":"0","isLinked":true},"_padding":{"unit":"px","top":"0","right":"0","bottom":"0","left":"0","isLinked":true},"_position":"absolute","_offset_x":{"size":245,"unit":"px"},"_offset_x_tablet":{"size":68,"unit":"px"},"_offset_y":{"size":242.885999999999995679900166578590869903564453125,"unit":"px"},"_offset_y_tablet":{"size":280.58899999999999863575794734060764312744140625,"unit":"px"},"_css_classes":"hero-bounce-elements"},"elements":[],"isInner":false,"widgetType":"image","elType":"widget"}],"isInner":true,"elType":"container"}],"isInner":false,"elType":"container"},{"id":"1a70e319","settings":{"flex_direction":"column","_title":"Container","flex_gap":{"column":"0","row":"0","isLinked":true,"unit":"px","size":0},"margin":{"unit":"px","top":"0","right":"0","bottom":"0","left":"0","isLinked":true},"padding":{"unit":"px","top":"0","right":"0","bottom":"0","left":"0","isLinked":true}},"elements":[{"id":"1bf2903","settings":{"html":"<style>\n\/* Hide horizontal overflow for the entire page *\/\nhtml, body {\n   overflow-x: hidden;\n}\np, h1, h2, h3, h4, h5, h6 {\n    margin: 0;\n    padding: 0;\n}\nul.elementor-icon-list-items {\n    margin: 0;\n    padding: 0;\n}\n\nul.elementor-icon-list-items li {\n    list-style: none;\n}\n\n .hero-bounce-elements {\n    animation: MoveUpDown 4s linear infinite;\n}\n\n@keyframes MoveUpDown {\n    0%,\n    100% {\n        transform: translateY(20px);\n    }\n    50% {\n        transform: translateY(0px);\n    }\n}\n    @media (max-width: 767px) {\n        \/* CSS rules for mobile devices *\/\n        .hero-bounce-elements,.hero-image,.right-hero-container,.contact-us-inner-right-container{\n    \n    display:none;\n    \n}\n    }\n      \n    }\n\n<\/style>"},"elements":[],"isInner":false,"widgetType":"html","elType":"widget"}],"isInner":false,"elType":"container"},{"id":"6d12a27d","settings":{"flex_direction":"column","content_width":"full","width":{"unit":"%","size":100,"sizes":[]},"width_mobile":{"unit":"px","size":500,"sizes":[]},"min_height":{"unit":"px","size":469,"sizes":[]},"min_height_mobile":{"unit":"vh","size":100,"sizes":[]},"flex_justify_content":"center","flex_align_items":"center","flex_gap":{"column":"0","row":"0","isLinked":true,"unit":"px","size":0},"background_background":"gradient","background_color":"#FFD1FF","background_color_b":"#FFC7D50D","background_gradient_angle":{"unit":"deg","size":59,"sizes":[]},"margin_mobile":{"unit":"px","top":"0","right":"0","bottom":"0","left":"0","isLinked":true},"padding_mobile":{"unit":"px","top":"0","right":"0","bottom":"0","left":"0","isLinked":true},"_title":"Services"},"elements":[{"id":"26f3cd2e","settings":{"flex_direction":"row","flex_gap":{"unit":"px","size":0,"column":"0","row":"0"},"content_width":"full","flex_justify_content_mobile":"center","flex_align_items_mobile":"center","flex_gap_mobile":{"column":"0","row":"0","isLinked":true,"unit":"px","size":0},"margin_mobile":{"unit":"px","top":"0","right":"0","bottom":"0","left":"0","isLinked":true},"padding":{"unit":"px","top":"0","right":"120","bottom":"0","left":"120","isLinked":false},"padding_tablet":{"unit":"px","top":"0","right":"0","bottom":"0","left":"0","isLinked":false},"padding_mobile":{"unit":"px","top":"0","right":"0","bottom":"0","left":"0","isLinked":true},"_title":"inner container"},"elements":[{"id":"3c469a1f","settings":{"flex_direction":"column","content_width":"full","width":{"unit":"%","size":33},"min_height":{"unit":"px","size":312,"sizes":[]},"flex_justify_content":"center","flex_gap":{"column":"0","row":"0","isLinked":true,"unit":"px","size":0},"background_background":"classic","background_color":"#FFFFFF","border_border":"solid","border_width":{"unit":"px","top":"1","right":"1","bottom":"1","left":"1","isLinked":true},"border_color":"#DADADAA1","border_radius":{"unit":"px","top":"22","right":"22","bottom":"22","left":"22","isLinked":true},"box_shadow_box_shadow_type":"yes","box_shadow_box_shadow":{"horizontal":0,"vertical":0,"blur":41,"spread":-25,"color":"rgba(0,0,0,0.5)"},"margin":{"unit":"px","top":"0","right":"20","bottom":"0","left":"0","isLinked":false},"margin_mobile":{"unit":"px","top":"20","right":"20","bottom":"20","left":"20","isLinked":true},"padding":{"unit":"px","top":"0","right":"22","bottom":"0","left":"22","isLinked":false},"padding_mobile":{"unit":"px","top":"10","right":"10","bottom":"10","left":"10","isLinked":true},"jkit_glass_blur_level":{"unit":"px","size":0,"sizes":[]},"motion_fx_mouseTrack_effect":"yes","_title":"left"},"elements":[{"id":"659b2352","settings":{"image":{"url":"http:\/\/localhost\/sitify\/wp-content\/uploads\/2025\/08\/66d555bade186d5b7fc31120_luminous.svg","id":121,"size":"","alt":"","source":"library"},"_margin":{"unit":"px","top":"0","right":"0","bottom":"19","left":"0","isLinked":false},"_margin_tablet":{"unit":"px","top":"0","right":"0","bottom":"5","left":"0","isLinked":false},"motion_fx_mouseTrack_effect":"yes"},"elements":[],"isInner":false,"widgetType":"image","elType":"widget"},{"id":"338a840e","settings":{"sg_title_before":"Trending ","sg_title_focused":"Luminous","sg_title_text":"Trending Stories And Another Stories","sg_subtitle_heading":"Lorem ipsum dolor set amet","sg_shadow_content":"news","sg_separator_enable":"","st_general_alignment_responsive":"center","st_title_typography_content_typography_typography":"custom","st_title_typography_content_typography_font_size":{"unit":"px","size":24,"sizes":[]},"st_title_typography_content_typography_font_size_tablet":{"unit":"px","size":18,"sizes":[]}},"elements":[],"isInner":false,"widgetType":"jkit_heading","elType":"widget"},{"id":"6148e173","settings":{"align":"center","typography_typography":"custom","typography_font_family":"Roboto","typography_font_size_tablet":{"unit":"px","size":13,"sizes":[]},"typography_font_weight":"400"},"elements":[],"isInner":false,"widgetType":"text-editor","elType":"widget"}],"isInner":true,"elType":"container"},{"id":"5205cc28","settings":{"flex_direction":"column","content_width":"full","width":{"unit":"%","size":33},"min_height":{"unit":"px","size":312,"sizes":[]},"flex_justify_content":"center","flex_gap":{"column":"0","row":"0","isLinked":true,"unit":"px","size":0},"background_background":"classic","background_color":"#FFFFFF","border_border":"solid","border_width":{"unit":"px","top":"1","right":"1","bottom":"1","left":"1","isLinked":true},"border_color":"#DADADAA1","border_radius":{"unit":"px","top":"22","right":"22","bottom":"22","left":"22","isLinked":true},"box_shadow_box_shadow_type":"yes","box_shadow_box_shadow":{"horizontal":0,"vertical":0,"blur":41,"spread":-25,"color":"rgba(0,0,0,0.5)"},"margin":{"unit":"px","top":"0","right":"0","bottom":"0","left":"0","isLinked":true},"margin_mobile":{"unit":"px","top":"20","right":"20","bottom":"20","left":"20","isLinked":true},"padding":{"unit":"px","top":"0","right":"22","bottom":"0","left":"22","isLinked":false},"padding_mobile":{"unit":"px","top":"10","right":"10","bottom":"10","left":"10","isLinked":true},"_title":"center"},"elements":[{"id":"1be6c56d","settings":{"image":{"url":"http:\/\/localhost\/sitify\/wp-content\/uploads\/2025\/08\/66d555367a1eac742835ecd1_lightbox.svg","id":119,"size":"","alt":"","source":"library"},"_margin":{"unit":"px","top":"0","right":"0","bottom":"19","left":"0","isLinked":false},"_margin_tablet":{"unit":"px","top":"0","right":"0","bottom":"5","left":"0","isLinked":false}},"elements":[],"isInner":false,"widgetType":"image","elType":"widget"},{"id":"67893ee9","settings":{"sg_title_before":"Trending ","sg_title_focused":"Lightbox","sg_title_text":"Trending Stories And Another Stories","sg_subtitle_heading":"Lorem ipsum dolor set amet","sg_shadow_content":"news","sg_separator_enable":"","st_general_alignment_responsive":"center","st_title_typography_content_typography_typography":"custom","st_title_typography_content_typography_font_size":{"unit":"px","size":24,"sizes":[]},"st_title_typography_content_typography_font_size_tablet":{"unit":"px","size":18,"sizes":[]}},"elements":[],"isInner":false,"widgetType":"jkit_heading","elType":"widget"},{"id":"5e1feb8a","settings":{"align":"center","typography_typography":"custom","typography_font_family":"Roboto","typography_font_size_tablet":{"unit":"px","size":13,"sizes":[]},"typography_font_weight":"400"},"elements":[],"isInner":false,"widgetType":"text-editor","elType":"widget"}],"isInner":true,"elType":"container"},{"id":"64886d8f","settings":{"flex_direction":"column","content_width":"full","width":{"unit":"%","size":33},"min_height":{"unit":"px","size":312,"sizes":[]},"flex_justify_content":"center","flex_gap":{"column":"0","row":"0","isLinked":true,"unit":"px","size":0},"background_background":"classic","background_color":"#FFFFFF","border_border":"solid","border_width":{"unit":"px","top":"1","right":"1","bottom":"1","left":"1","isLinked":true},"border_color":"#DADADAA1","border_radius":{"unit":"px","top":"22","right":"22","bottom":"22","left":"22","isLinked":true},"box_shadow_box_shadow_type":"yes","box_shadow_box_shadow":{"horizontal":0,"vertical":0,"blur":41,"spread":-25,"color":"rgba(0,0,0,0.5)"},"margin":{"unit":"px","top":"0","right":"0","bottom":"0","left":"20","isLinked":false},"margin_mobile":{"unit":"px","top":"20","right":"20","bottom":"20","left":"20","isLinked":true},"padding":{"unit":"px","top":"0","right":"22","bottom":"0","left":"22","isLinked":false},"padding_mobile":{"unit":"px","top":"10","right":"10","bottom":"10","left":"10","isLinked":true},"_title":"right"},"elements":[{"id":"28a0cea9","settings":{"image":{"url":"http:\/\/localhost\/sitify\/wp-content\/uploads\/2025\/08\/66d555ba93c12294c2f2936d_capsule.svg","id":122,"size":"","alt":"","source":"library"},"_margin":{"unit":"px","top":"0","right":"0","bottom":"19","left":"0","isLinked":false},"_margin_tablet":{"unit":"px","top":"0","right":"0","bottom":"5","left":"0","isLinked":false}},"elements":[],"isInner":false,"widgetType":"image","elType":"widget"},{"id":"d5ece9c","settings":{"sg_title_before":"Trending ","sg_title_focused":"Capsule","sg_title_text":"Trending Stories And Another Stories","sg_subtitle_heading":"Lorem ipsum dolor set amet","sg_shadow_content":"news","sg_separator_enable":"","st_general_alignment_responsive":"center","st_title_typography_content_typography_typography":"custom","st_title_typography_content_typography_font_size":{"unit":"px","size":24,"sizes":[]},"st_title_typography_content_typography_font_size_tablet":{"unit":"px","size":18,"sizes":[]}},"elements":[],"isInner":false,"widgetType":"jkit_heading","elType":"widget"},{"id":"2aa6efbc","settings":{"align":"center","typography_typography":"custom","typography_font_family":"Roboto","typography_font_size_tablet":{"unit":"px","size":13,"sizes":[]},"typography_font_weight":"400"},"elements":[],"isInner":false,"widgetType":"text-editor","elType":"widget"}],"isInner":true,"elType":"container"}],"isInner":true,"elType":"container"}],"isInner":false,"elType":"container"},{"id":"4e900c3a","settings":{"flex_direction":"column","content_width":"full","min_height":{"unit":"px","size":551,"sizes":[]},"flex_justify_content":"center","flex_align_items":"center","flex_gap":{"column":"0","row":"0","isLinked":true,"unit":"px","size":0},"background_background":"gradient","background_color":"#FCE2F6","background_color_b":"#B1DDFF4D","background_gradient_angle":{"unit":"deg","size":171,"sizes":[]},"margin":{"unit":"px","top":"0","right":"0","bottom":"0","left":"0","isLinked":true},"padding":{"unit":"px","top":"0","right":"0","bottom":"0","left":"0","isLinked":true},"_title":"About"},"elements":[{"id":"53a9c87e","settings":{"flex_direction":"row","flex_gap":{"unit":"px","size":0,"column":"0","row":"0"},"content_width":"full","margin":{"unit":"px","top":"0","right":"0","bottom":"0","left":"0","isLinked":true},"padding":{"unit":"px","top":"20","right":"26","bottom":"20","left":"43","isLinked":false},"_title":"inner container about"},"elements":[{"id":"518747db","settings":{"flex_direction":"column","content_width":"full","width":{"unit":"%","size":"33.3333"},"min_height":{"unit":"px","size":395,"sizes":[]},"min_height_mobile":{"unit":"px","size":320,"sizes":[]},"flex_justify_content":"center","flex_align_items":"center","flex_gap":{"column":"0","row":"0","isLinked":true,"unit":"px","size":0},"_title":"left"},"elements":[{"id":"1a4f8396","settings":{"image":{"url":"http:\/\/localhost\/sitify\/wp-content\/uploads\/2025\/08\/290898652_17de23ab-a3f8-4120-b795-32395779f47c.png","id":71,"size":"","alt":"","source":"library"},"width":{"unit":"%","size":68,"sizes":[]},"width_tablet":{"unit":"%","size":94,"sizes":[]},"width_mobile":{"unit":"px","size":368,"sizes":[]},"space_mobile":{"unit":"px","size":275,"sizes":[]},"height_tablet":{"unit":"px","size":228,"sizes":[]},"height_mobile":{"unit":"px","size":259,"sizes":[]},"image_border_radius_mobile":{"unit":"px","top":"0","right":"0","bottom":"0","left":"0","isLinked":true},"_margin_mobile":{"unit":"px","top":"0","right":"0","bottom":"0","left":"0","isLinked":true},"_padding_mobile":{"unit":"px","top":"0","right":"0","bottom":"0","left":"0","isLinked":true}},"elements":[],"isInner":false,"widgetType":"image","elType":"widget"}],"isInner":true,"elType":"container"},{"id":"243fd973","settings":{"flex_direction":"column","content_width":"full","width":{"unit":"%","size":"66.6666"},"min_height":{"unit":"px","size":395,"sizes":[]},"flex_justify_content":"center","flex_align_items":"center","flex_gap":{"column":"0","row":"0","isLinked":true,"unit":"px","size":0},"_title":"right"},"elements":[{"id":"521e0535","settings":{"content_width":"full","width":{"unit":"%","size":98.4309999999999973852027324028313159942626953125},"boxed_width":{"unit":"px","size":804,"sizes":[]},"min_height":{"unit":"px","size":327,"sizes":[]},"flex_gap":{"column":"0","row":"0","isLinked":true,"unit":"px","size":0},"margin":{"unit":"px","top":"0","right":"0","bottom":"0","left":"0","isLinked":true},"padding":{"unit":"px","top":"0","right":"0","bottom":"0","left":"0","isLinked":true},"_flex_size":"none","_title":"inner right","_element_width":"initial"},"elements":[{"id":"68591824","settings":{"sg_title_before":"About ","sg_title_focused":" Our Company ","sg_title_text":"Trending Stories And Another Stories","sg_title_focused_title_display":"inline","sg_subtitle_heading":"Lorem ipsum dolor set amet","sg_shadow_content":"news","sg_separator_enable":"","st_title_typography_content_typography_typography":"custom","st_title_typography_content_typography_font_size":{"unit":"px","size":28,"sizes":[]},"st_title_typography_content_typography_font_size_tablet":{"unit":"px","size":22,"sizes":[]},"st_title_typography_content_typography_letter_spacing":{"unit":"px","size":0.299999999999999988897769753748434595763683319091796875,"sizes":[]},"st_title_margin_responsive":{"unit":"px","top":"0","right":"0","bottom":"0","left":"0","isLinked":true},"_margin":{"unit":"px","top":"0","right":"0","bottom":"0","left":"0","isLinked":true},"_padding":{"unit":"px","top":"0","right":"0","bottom":"0","left":"0","isLinked":true}},"elements":[],"isInner":false,"widgetType":"jkit_heading","elType":"widget"},{"id":"5a48c9d1","settings":{"sg_title_before":"","sg_title_focused":"","sg_title_after":" How Can We Help You","sg_title_text":"Trending Stories And Another Stories","sg_title_focused_title_display":"inline","sg_subtitle_heading":"Lorem ipsum dolor set amet","sg_shadow_content":"news","sg_separator_position":"bottom","st_title_typography_content_typography_typography":"custom","st_title_typography_content_typography_font_size":{"unit":"px","size":35,"sizes":[]},"st_title_typography_content_typography_font_size_tablet":{"unit":"px","size":25,"sizes":[]},"st_title_margin_responsive":{"unit":"px","top":"0","right":"0","bottom":"0","left":"0","isLinked":true},"st_title_padding_responsive":{"unit":"px","top":"0","right":"0","bottom":"0","left":"0","isLinked":true},"st_separator_color_responsive":"#FF6F6F","st_separator_color_responsive_tablet":"#FF6060"},"elements":[],"isInner":false,"widgetType":"jkit_heading","elType":"widget"},{"id":"68b2cf39","settings":{"editor":"<p>There are many variations of passages of Lorem Ipsum available, but the majority have suffered alteration in some form, by injected humour, or randomised words which don't look even slightly believable. If you are going to use a passage of Lorem Ipsum, you need to be sure there.&nbsp;<span style=\"background-color: transparent;\">All the Lorem Ipsum generators on the Internet tend to repeat predefined chunks as necessary anything embarrassing hidden in the.<\/span><\/p>","align":"left","typography_typography":"custom","typography_font_family":"Poppins","typography_font_size":{"unit":"px","size":16,"sizes":[]},"typography_font_size_tablet":{"unit":"px","size":14,"sizes":[]},"typography_font_weight":"400","paragraph_spacing":{"unit":"px","size":0,"sizes":[]},"_margin":{"unit":"px","top":"18","right":"0","bottom":"0","left":"0","isLinked":false}},"elements":[],"isInner":false,"widgetType":"text-editor","elType":"widget"},{"id":"5692acd2","settings":{"sg_content_label":"Learn More","st_button_width_responsive":{"unit":"px","size":140,"sizes":[]},"st_button_width_responsive_tablet":{"unit":"px","size":114,"sizes":[]},"st_button_typography_content_typography_typography":"custom","st_button_typography_content_typography_font_size":{"unit":"px","size":17,"sizes":[]},"st_button_typography_content_typography_font_size_tablet":{"unit":"px","size":13,"sizes":[]},"st_button_typography_content_typography_font_weight":"600","st_button_normal_background_background_background":"classic","st_button_normal_background_background_color":"#FF0000","st_border_normal_border_radius_responsive":{"unit":"px","top":"30","right":"30","bottom":"30","left":"30","isLinked":true},"_margin":{"unit":"px","top":"17","right":"0","bottom":"0","left":"0","isLinked":false},"_padding":{"unit":"px","top":"0","right":"0","bottom":"0","left":"0","isLinked":true},"_flex_align_self":"flex-start"},"elements":[],"isInner":false,"widgetType":"jkit_button","elType":"widget"}],"isInner":true,"elType":"container"}],"isInner":true,"elType":"container"}],"isInner":true,"elType":"container"}],"isInner":false,"elType":"container"},{"id":"5e57ebf9","settings":{"flex_direction":"column","content_width":"full","min_height":{"unit":"px","size":521,"sizes":[]},"flex_justify_content":"center","flex_align_items":"center","flex_gap":{"column":"0","row":"0","isLinked":true,"unit":"px","size":0},"background_background":"gradient","background_color":"#9C86FF61","background_color_b":"#FFC6FE40","background_gradient_angle":{"unit":"deg","size":227,"sizes":[]},"margin":{"unit":"px","top":"0","right":"0","bottom":"0","left":"0","isLinked":true},"padding":{"unit":"px","top":"0","right":"0","bottom":"0","left":"0","isLinked":true},"_title":"Services Slides"},"elements":[{"id":"297490df","settings":{"flex_direction":"row","flex_gap":{"unit":"px","size":0,"column":"0","row":"0"},"content_width":"full","min_height":{"unit":"px","size":365,"sizes":[]},"flex_justify_content":"center","flex_align_items":"center","_title":"inner"},"elements":[{"id":"2d28feb9","settings":{"flex_direction":"column","content_width":"full","width":{"unit":"%","size":33},"min_height_mobile":{"unit":"px","size":313,"sizes":[]},"flex_justify_content":"center","flex_align_items":"center","_title":"flipper 1 p"},"elements":[{"id":"33282e4c","settings":{"content_width":"full","width":{"unit":"%","size":90,"sizes":[]},"boxed_width":{"unit":"px","size":500,"sizes":[]},"min_height":{"unit":"px","size":313,"sizes":[]},"_title":"flipper 1"},"elements":[{"id":"5ec90e43","settings":{"selected_icon":{"value":"fas fa-code","library":"fa-solid"},"icon_view":"framed","title_text_a":"Web Developement","description_text_a":"Lorem ipsum dolor sit amet consectetur adipiscing elit dolor","background_a_background":"gradient","background_a_color":"#FFECEC","background_a_color_b":"#F0BAFF","background_a_gradient_angle":{"unit":"deg","size":271,"sizes":[]},"title_text_b":"Web Development","description_text_b":"\"Expert web developer crafting responsive, user-friendly websites and web applications that drive business growth and engagement.","button_text":"Click Here","background_b_background":"gradient","background_b_color":"#FFABAB","background_b_color_b":"#CF73FF","background_b_gradient_angle":{"unit":"deg","size":63,"sizes":[]},"height":{"unit":"px","size":384,"sizes":[]},"height_mobile":{"unit":"px","size":300,"sizes":[]},"border_radius":{"unit":"px","size":20,"sizes":[]},"flip_3d":"elementor-flip-box--3d","icon_spacing":{"unit":"px","size":13,"sizes":[]},"icon_primary_color":"#111111","title_color_a":"#444444","title_typography_a_typography":"custom","title_typography_a_font_family":"Roboto","title_typography_a_font_size":{"unit":"px","size":22,"sizes":[]},"title_typography_a_font_weight":"600","description_color_a":"#6D6D6D","button_typography_typography":"custom","button_typography_font_family":"Roboto","button_typography_font_size_tablet":{"unit":"px","size":11,"sizes":[]},"button_typography_font_weight":"500","_margin":{"unit":"px","top":"0","right":"0","bottom":"0","left":"0","isLinked":true},"_padding":{"unit":"px","top":"0","right":"0","bottom":"0","left":"0","isLinked":true},"_background_background":"classic"},"elements":[],"isInner":false,"widgetType":"flip-box","elType":"widget"}],"isInner":true,"elType":"container"}],"isInner":true,"elType":"container"},{"id":"4cd0ddc0","settings":{"flex_direction":"column","content_width":"full","width":{"unit":"%","size":33},"flex_justify_content":"center","flex_align_items":"center","_title":"flipper 2 p"},"elements":[{"id":"6a7895bc","settings":{"content_width":"full","width":{"unit":"%","size":90,"sizes":[]},"boxed_width":{"unit":"px","size":500,"sizes":[]},"min_height":{"unit":"px","size":313,"sizes":[]},"_title":"flipper 2"},"elements":[{"id":"3bd36c10","settings":{"selected_icon":{"value":"jki jki-pen-tool-line","library":"jkiticon"},"icon_view":"framed","title_text_a":"Graphics Designing","description_text_a":"Lorem ipsum dolor sit amet consectetur adipiscing elit dolor","background_a_background":"gradient","background_a_color":"#FFECEC","background_a_color_b":"#F0BAFF","background_a_gradient_angle":{"unit":"deg","size":352,"sizes":[]},"title_text_b":"Graphics Designing","description_text_b":"Creative graphics designer with 5+ years of experience crafting stunning designs, logos, and branding materials.","button_text":"Click Here","background_b_background":"gradient","background_b_color":"#FFABAB","background_b_color_b":"#FF73FC","background_b_gradient_angle":{"unit":"deg","size":307,"sizes":[]},"height":{"unit":"px","size":384,"sizes":[]},"height_mobile":{"unit":"px","size":300,"sizes":[]},"border_radius":{"unit":"px","size":20,"sizes":[]},"flip_3d":"elementor-flip-box--3d","icon_spacing":{"unit":"px","size":13,"sizes":[]},"icon_primary_color":"#000000","title_color_a":"#444444","title_typography_a_typography":"custom","title_typography_a_font_family":"Roboto","title_typography_a_font_size":{"unit":"px","size":22,"sizes":[]},"title_typography_a_font_weight":"600","description_color_a":"#6D6D6D","description_typography_b_typography":"custom","description_typography_b_font_family":"Roboto","description_typography_b_font_weight":"400","button_typography_typography":"custom","button_typography_font_family":"Roboto","button_typography_font_size_tablet":{"unit":"px","size":11,"sizes":[]},"button_typography_font_weight":"500","_margin":{"unit":"px","top":"0","right":"0","bottom":"0","left":"0","isLinked":true},"_padding":{"unit":"px","top":"0","right":"0","bottom":"0","left":"0","isLinked":true},"_background_background":"classic"},"elements":[],"isInner":false,"widgetType":"flip-box","elType":"widget"}],"isInner":true,"elType":"container"}],"isInner":true,"elType":"container"},{"id":"1af7f51c","settings":{"flex_direction":"column","content_width":"full","width":{"unit":"%","size":33},"flex_justify_content":"center","flex_align_items":"center","_title":"flipper 3 p"},"elements":[{"id":"6f48a64","settings":{"content_width":"full","width":{"unit":"%","size":90,"sizes":[]},"boxed_width":{"unit":"px","size":500,"sizes":[]},"min_height":{"unit":"px","size":313,"sizes":[]},"_title":"flipper 3"},"elements":[{"id":"10012db6","settings":{"selected_icon":{"value":"fab fa-digital-ocean","library":"fa-brands"},"icon_view":"framed","title_text_a":"Digital Marketing","description_text_a":"Lorem ipsum dolor sit amet consectetur adipiscing elit dolor","background_a_background":"gradient","background_a_color":"#FFECEC","background_a_color_b":"#F0BAFF","background_a_gradient_angle":{"unit":"deg","size":132,"sizes":[]},"title_text_b":"Digital Marketing","description_text_b":"Digital marketing expert with 5+ years of experience in campaign development, social media management, and data-driven growth strategies.","button_text":"Click Here","background_b_background":"gradient","background_b_color":"#FFABAB","background_b_color_b":"#C17DFF","background_b_gradient_angle":{"unit":"deg","size":197,"sizes":[]},"height":{"unit":"px","size":384,"sizes":[]},"height_mobile":{"unit":"px","size":300,"sizes":[]},"border_radius":{"unit":"px","size":20,"sizes":[]},"flip_3d":"elementor-flip-box--3d","icon_spacing":{"unit":"px","size":13,"sizes":[]},"icon_primary_color":"#1F1E1E","title_color_a":"#444444","title_typography_a_typography":"custom","title_typography_a_font_family":"Roboto","title_typography_a_font_size":{"unit":"px","size":22,"sizes":[]},"title_typography_a_font_weight":"600","description_color_a":"#6D6D6D","description_typography_a_typography":"custom","description_typography_a_font_family":"Roboto","description_typography_a_font_weight":"400","button_typography_typography":"custom","button_typography_font_family":"Roboto","button_typography_font_size_tablet":{"unit":"px","size":11,"sizes":[]},"button_typography_font_weight":"500","_margin":{"unit":"px","top":"0","right":"0","bottom":"0","left":"0","isLinked":true},"_padding":{"unit":"px","top":"0","right":"0","bottom":"0","left":"0","isLinked":true},"_background_background":"classic"},"elements":[],"isInner":false,"widgetType":"flip-box","elType":"widget"}],"isInner":true,"elType":"container"}],"isInner":true,"elType":"container"}],"isInner":true,"elType":"container"}],"isInner":false,"elType":"container"},{"id":"6c7e436a","settings":{"flex_direction":"column","content_width":"full","min_height":{"unit":"px","size":492,"sizes":[]},"flex_gap":{"column":"0","row":"0","isLinked":true,"unit":"px","size":0},"_title":"Contact","flex_justify_content":"center","flex_align_items":"center","background_background":"gradient","background_color":"#EBE8FF","background_color_b":"#D387FF61","background_gradient_angle":{"unit":"deg","size":288,"sizes":[]},"padding":{"unit":"px","top":"40","right":"120","bottom":"40","left":"120","isLinked":false},"padding_tablet":{"unit":"px","top":"0","right":"0","bottom":"0","left":"0","isLinked":true}},"elements":[{"id":"5f3be5a5","settings":{"flex_direction":"row","flex_gap":{"unit":"px","size":0,"column":"0","row":"0"},"content_width":"full","min_height":{"unit":"px","size":424,"sizes":[]},"_title":"inner contact"},"elements":[{"id":"a6cb149","settings":{"flex_direction":"column","content_width":"full","width":{"unit":"%","size":40},"flex_justify_content":"center","flex_align_items":"center","margin":{"unit":"px","top":"0","right":"0","bottom":"0","left":"0","isLinked":false},"padding":{"unit":"px","top":"0","right":"0","bottom":"0","left":"120","isLinked":false},"padding_tablet":{"unit":"px","top":"33","right":"33","bottom":"33","left":"33","isLinked":true},"_title":"left"},"elements":[{"id":"197878e7","settings":{"sg_title_before":"Contact ","sg_title_focused":" Us","sg_title_text":"Trending Stories And Another Stories","sg_subtitle_heading":"Lorem ipsum dolor set amet","sg_shadow_content":"news","st_title_margin_responsive":{"unit":"px","top":"0","right":"0","bottom":"0","left":"0","isLinked":true},"st_title_padding_responsive":{"unit":"px","top":"0","right":"0","bottom":"0","left":"0","isLinked":true},"st_separator_margin_responsive":{"unit":"px","top":"0","right":"0","bottom":"0","left":"0","isLinked":true},"st_separator_color_responsive":"#6D6D6D","_flex_align_self":"flex-start"},"elements":[],"isInner":false,"widgetType":"jkit_heading","elType":"widget"},{"id":"536856d7","settings":{"sg_setting_contact_form":"512","st_input_padding_responsive":{"unit":"px","top":"0","right":"0","bottom":"0","left":"0","isLinked":true},"st_button_border_radius_responsive":{"unit":"px","top":"0","right":"0","bottom":"0","left":"0","isLinked":true},"st_button_normal_color_responsive":"#FFFFFF","st_button_normal_background_background_background":"classic","st_button_normal_background_background_color":"#FF0000","_margin":{"unit":"px","top":"0","right":"0","bottom":"0","left":"0","isLinked":true},"_padding":{"unit":"px","top":"0","right":"0","bottom":"0","left":"0","isLinked":true},"_flex_align_self":"flex-start"},"elements":[],"isInner":false,"widgetType":"jkit_contact_form_7","elType":"widget"}],"isInner":true,"elType":"container"},{"id":"78664134","settings":{"flex_direction":"column","content_width":"full","width":{"unit":"%","size":"50"},"width_tablet":{"unit":"px","size":500,"sizes":[]},"flex_justify_content":"center","flex_align_items":"center","padding_tablet":{"unit":"px","top":"0","right":"0","bottom":"0","left":"0","isLinked":true},"css_classes":"contact-us-inner-right-container","_title":"right"},"elements":[{"id":"39ed101f","settings":{"content_width":"full","width":{"unit":"px","size":614,"sizes":[]},"width_tablet":{"unit":"px","size":500,"sizes":[]},"min_height":{"unit":"px","size":417,"sizes":[]},"min_height_tablet":{"unit":"px","size":231,"sizes":[]},"margin_tablet":{"unit":"px","top":"0","right":"0","bottom":"0","left":"0","isLinked":true},"padding_tablet":{"unit":"px","top":"0","right":"0","bottom":"0","left":"0","isLinked":true},"css_classes":" ","_title":"inner right"},"elements":[{"id":"2b05bb1b","settings":{"image":{"url":"http:\/\/localhost\/sitify\/wp-content\/uploads\/2025\/08\/27715463_oedu_13-1.png","id":72,"size":"","alt":"","source":"library"},"width_tablet":{"unit":"%","size":91,"sizes":[]},"_css_classes":"contact-img"},"elements":[],"isInner":false,"widgetType":"image","elType":"widget"}],"isInner":true,"elType":"container"}],"isInner":true,"elType":"container"}],"isInner":true,"elType":"container"}],"isInner":false,"elType":"container"}],"settings":{"template":"elementor_canvas"},"metadata":[]}